Movie,May The Force Be With You,Lightsaber,I Have A Bad Feeling About This ,The Force,The Dark Side
Star Wars: Episode 1:The Phantom Menace,Yoda,,Obi-Wan,Jar Jar,Yoda
Star Wars: Episode 1:The Phantom Menace,Mace Windu,,,Qui-Gon ,Yoda
Star Wars: Episode 1:The Phantom Menace,Yoda,,,Qui-Gon,
Star Wars: Episode 1:The Phantom Menace,,,,Qui-Gon,
Star Wars: Episode 1:The Phantom Menace,,,,Mace Windu,
Star Wars: Episode 1:The Phantom Menace,,,,Yoda,
Star Wars: Episode 1:The Phantom Menace,,,,Qui-Gon,
Star Wars: Episode 1:The Phantom Menace,,,,Mace Windu,
Star Wars: Episode 1:The Phantom Menace,,,,Qui-Gon,
Star Wars: Episode 1:The Phantom Menace,,,,Ki-Adi,
Star Wars: Episode 1:The Phantom Menace,,,,Yoda,
Star Wars: Episode 1:The Phantom Menace,,,,Qui-Gon,
Star Wars: Episode 1:The Phantom Menace,,,,Qui-Gon,
Star Wars: Episode 1:The Phantom Menace,,,,Obi-Wan,
Star Wars: Episode 2: Attack Of The Clones,Obi-Wan,Jocasta Nu,Obi-Wan,Yoda,Yoda
Star Wars: Episode 2: Attack Of The Clones,Anakin,,Anakin,Yoda,Yoda
Star Wars: Episode 2: Attack Of The Clones,Mace Windu,,,Mace Windu,Yoda
Star Wars: Episode 2: Attack Of The Clones,Obi-Wan,,,Obi-Wan,Mace Windu
Star Wars: Episode 2: Attack Of The Clones,,,,Anakin,
Star Wars: Episode 2: Attack Of The Clones,,,,Anakin,
Star Wars: Episode 2: Attack Of The Clones,,,,Jocasta Nu,
Star Wars: Episode 2: Attack Of The Clones,,,,Yoda,
Star Wars: Episode 2: Attack Of The Clones,,,,Mace Windu,
Star Wars: Episode 2: Attack Of The Clones,,,,Obi-Wan,
Star Wars: Episode 2: Attack Of The Clones,,,,Count Dooku,
Star Wars: Episode 3: Revenge Of The Sith,Mace Windu,General Grievous ,Obi-Wan,Obi-Wan,Yoda
Star Wars: Episode 3: Revenge Of The Sith,Yoda,,Super Battle Droid R77,Yoda,Palpatine
Star Wars: Episode 3: Revenge Of The Sith,Obi-Wan,,,Obi-Wan,Palpatine
Star Wars: Episode 3: Revenge Of The Sith,Anakin,,,Mace Windu,Palpatine
Star Wars: Episode 3: Revenge Of The Sith,Yoda,,,Yoda,Mace Windu
Star Wars: Episode 3: Revenge Of The Sith,Obi-Wan,,,Obi-Wan,Palpatine
Star Wars: Episode 3: Revenge Of The Sith,,,,Palpatine,Anakin
Star Wars: Episode 3: Revenge Of The Sith,,,,Palpatine,Palpatine
Star Wars: Episode 3: Revenge Of The Sith,,,,Palpatine,Palpatine
Star Wars: Episode 3: Revenge Of The Sith,,,,Anakin,Anakin
Star Wars: Episode 3: Revenge Of The Sith,,,,Obi-Wan,Palpatine
Star Wars: Episode 3: Revenge Of The Sith,,,,Anakin,Palpatine
Star Wars: Episode 3: Revenge Of The Sith,,,,Mace Windu,Yoda
Star Wars: Episode 3: Revenge Of The Sith,,,,Anakin,Obi-Wan
Star Wars: Episode 3: Revenge Of The Sith,,,,Palpatine,Padme
Star Wars: Episode 3: Revenge Of The Sith,,,,Anakin,Anakin
Star Wars: Episode 3: Revenge Of The Sith,,,,Palpatine,Darth Sldious
Star Wars: Episode 3: Revenge Of The Sith,,,,Palpatine,Yoda
Star Wars: Episode 3: Revenge Of The Sith,,,,Palpatine,
Star Wars: Episode 3: Revenge Of The Sith,,,,Anakin,
Star Wars: Episode 3: Revenge Of The Sith,,,,Palpatine,
Star Wars: Episode 3: Revenge Of The Sith,,,,Palpatine,
Star Wars: Episode 3: Revenge Of The Sith,,,,Yoda,
Star Wars: Episode 3: Revenge Of The Sith,,,,Obi-Wan,
Star Wars: Episode 3: Revenge Of The Sith,,,,Yoda,
Star Wars: Episode 3: Revenge Of The Sith,,,,Obi-Wan,
Star Wars: Episode 3: Revenge Of The Sith,,,,Qui -Gon,
Star Wars: Episode 3: Revenge Of The Sith,,,,Yoda,
Star Wars: Episode 3: Revenge Of The Sith,,,,Yoda,
Star Wars: Episode 3: Revenge Of The Sith,,,,Yoda,
Star Wars: Episode 3: Revenge Of The Sith,,,,Yoda,
Star Wars: Episode 3: Revenge Of The Sith,,,,Yoda,
Star Wars: Episode 4: A New Hope,Dodonna,Obi-Wan,  Luke,Obi-Wan,Obi-Wan
Star Wars: Episode 4: A New Hope,Dodonna,,Han Solo,Luke,
Star Wars: Episode 4: A New Hope,,,,Obi-Wan,
Star Wars: Episode 4: A New Hope,,,,Obi-Wan,
Star Wars: Episode 4: A New Hope,,,,Obi-Wan,
Star Wars: Episode 4: A New Hope,,,,Darth Vader,
Star Wars: Episode 4: A New Hope,,,,Luke,
Star Wars: Episode 4: A New Hope,,,,Obi-Wan,
Star Wars: Episode 4: A New Hope,,,,Obi-Wan,
Star Wars: Episode 4: A New Hope,,,,Luke,
Star Wars: Episode 4: A New Hope,,,,Obi-Wan,
Star Wars: Episode 4: A New Hope,,,,Darth Vader,
Star Wars: Episode 4: A New Hope,,,,Darth Vader,
Star Wars: Episode 4: A New Hope,,,,Dodonna,
Star Wars: Episode 4: A New Hope,,,,Han Solo,
Star Wars: Episode 4: A New Hope,,,,Obi-Wan,
Star Wars: Episode 4: A New Hope,,,,Obi-Wan,
Star Wars: Episode 4: A New Hope,,,,Darth Vader,
Star Wars: Episode 4: A New Hope,,,,Obi-Wan,
Star Wars: Episode 5: The Empire Strikes Back,Luke,,,Emperor,Yoda
Star Wars: Episode 5: The Empire Strikes Back,,,,Emperor,Yoda
Star Wars: Episode 5: The Empire Strikes Back,,,,Yoda,Luke
Star Wars: Episode 5: The Empire Strikes Back,,,,Yoda,Obi-Wan
Star Wars: Episode 5: The Empire Strikes Back,,,,Yoda,
Star Wars: Episode 5: The Empire Strikes Back,,,,Yoda,
Star Wars: Episode 5: The Empire Strikes Back,,,,Yoda,
Star Wars: Episode 5: The Empire Strikes Back,,,,Yoda,
Star Wars: Episode 5: The Empire Strikes Back,,,,Yoda,
Star Wars: Episode 5: The Empire Strikes Back,,,,Yoda,
Star Wars: Episode 5: The Empire Strikes Back,,,,Yoda,
Star Wars: Episode 5: The Empire Strikes Back,,,,Luke,
Star Wars: Episode 5: The Empire Strikes Back,,,,Obi-Wan,
Star Wars: Episode 5: The Empire Strikes Back,,,,Yoda,
Star Wars: Episode 5: The Empire Strikes Back,,,,Darth Vader,
Star Wars: Episode 6: Return Of The Jedi,,Luke,C-3Po,Yoda,Yoda
Star Wars: Episode 6: Return Of The Jedi,,Darth Vader,Han Solo,Yoda,Obi-Wan
Star Wars: Episode 6: Return Of The Jedi,,Darth Vader,,Yoda,Obi-Wan
Star Wars: Episode 6: Return Of The Jedi,,,,Obi-Wan,Darth Vader
Star Wars: Episode 6: Return Of The Jedi,,,,Obi-Wan,Emperor
Star Wars: Episode 6: Return Of The Jedi,,,,Obi-Wan,Darth Vader
Star Wars: Episode 6: Return Of The Jedi,,,,Luke,Darth Vader
Star Wars: Episode 6: Return Of The Jedi,,,,Darth Vader,Luke
Star Wars: Episode 6: Return Of The Jedi,,,,General Ackbar,Emperor
Star Wars: Episode 7: The Force Awakens,Leia,Maz,Han Solo,Lor San Tekka,Lor San Tekka
Star Wars: Episode 7: The Force Awakens,,Kylo Ren,,Maz,Kylo Ren
Star Wars: Episode 7: The Force Awakens,,,,Kylo Ren,Han Solo
Star Wars: Episode 7: The Force Awakens,,,,Finn,Maz
Star Wars: Episode 7: The Force Awakens,,,,Han,Leia
Star Wars: Episode 7: The Force Awakens,,,,Kylo Ren,
Star Wars: Episode 7: The Force Awakens,,,,Rey,
Star Wars: Episode 7: The Force Awakens,,,,Leia,
